{
    "0": 1.00,
    "1": 1.50,
    "2": 2.25,
    "3": 3.375,
    "4": 5.0625,
    "5": 7.59375,
    "6": 11.390625,
    "7": 17.0859375,
    "8": 25.62890625,
    "9": 38.443359375,
    "10":57.6650390625,
    "11":86.49755859375,
    "12":129.746337890625,
    "13":194.6195068359375,
    "14":291.92926025390625,
    "15":437.893890380859375,
    "16":656.8408355712890625,
    "17":985.26125335693359375,
    "18":1477.891880035400390625,
    "19":2216.8378200531005859375
}
